{
  "model": "CDN_gibbs_both",
  "split": "test",
  "inference": "gibbs",
  "neighborhood": "both",
  "n_sweeps": 20,
  "burn_in": 5,
  "threshold": 0.05,
  "C": 1.0,
  "n_traces": 13,
  "f1_weighted": 0.4724967275586471,
  "f1_macro": 0.3489762202203134,
  "f1_micro": 0.4343891402714932,
  "precision": 0.34095298640753186,
  "recall": 0.8727272727272727,
  "accuracy_subset": 0.0,
  "accuracy_hamming": 0.4939271255060729,
  "location_accuracy": 1.0,
  "joint_accuracy": 0.8581854043392507,
  "per_class": {
    "Authentication Errors": {
      "precision": 0.3333333333333333,
      "recall": 1.0,
      "f1": 0.5,
      "support": 1
    },
    "Context Handling Failures": {
      "precision": 0.16666666666666666,
      "recall": 1.0,
      "f1": 0.2857142857142857,
      "support": 2
    },
    "Environment Setup Errors": {
      "precision": 0.14285714285714285,
      "recall": 1.0,
      "f1": 0.25,
      "support": 1
    },
    "Formatting Errors": {
      "precision": 0.5,
      "recall": 0.8571428571428571,
      "f1": 0.631578947368421,
      "support": 7
    },
    "Goal Deviation": {
      "precision": 0.5,
      "recall": 0.8571428571428571,
      "f1": 0.631578947368421,
      "support": 7
    },
    "Incorrect Problem Identification": {
      "precision": 0.25,
      "recall": 1.0,
      "f1": 0.4,
      "support": 3
    },
    "Instruction Non-compliance": {
      "precision": 0.23076923076923078,
      "recall": 1.0,
      "f1": 0.375,
      "support": 3
    },
    "Language-only": {
      "precision": 0.5454545454545454,
      "recall": 1.0,
      "f1": 0.7058823529411765,
      "support": 6
    },
    "Poor Information Retrieval": {
      "precision": 0.36363636363636365,
      "recall": 1.0,
      "f1": 0.5333333333333333,
      "support": 4
    },
    "Resource Abuse": {
      "precision": 0.25,
      "recall": 1.0,
      "f1": 0.4,
      "support": 3
    },
    "Resource Exhaustion": {
      "precision": 0.0,
      "recall": 0.0,
      "f1": 0.0,
      "support": 1
    },
    "Resource Not Found": {
      "precision": 0.3333333333333333,
      "recall": 0.5,
      "f1": 0.4,
      "support": 2
    },
    "Service Errors": {
      "precision": 0.0,
      "recall": 0.0,
      "f1": 0.0,
      "support": 1
    },
    "Task Orchestration": {
      "precision": 0.38461538461538464,
      "recall": 1.0,
      "f1": 0.5555555555555556,
      "support": 5
    },
    "Timeout Issues": {
      "precision": 0.0,
      "recall": 0.0,
      "f1": 0.0,
      "support": 1
    },
    "Tool Definition Issues": {
      "precision": 0.0,
      "recall": 0.0,
      "f1": 0.0,
      "support": 1
    },
    "Tool Output Misinterpretation": {
      "precision": 0.15384615384615385,
      "recall": 1.0,
      "f1": 0.26666666666666666,
      "support": 2
    },
    "Tool Selection Errors": {
      "precision": 0.2727272727272727,
      "recall": 1.0,
      "f1": 0.42857142857142855,
      "support": 3
    },
    "Tool-related": {
      "precision": 0.15384615384615385,
      "recall": 1.0,
      "f1": 0.26666666666666666,
      "support": 2
    }
  },
  "baseline_f1_weighted": 0.5202734107997266,
  "delta_f1_weighted": -0.047776683241079476
}