{
  "model": "CDN_deterministic_parents",
  "split": "test",
  "inference": "deterministic",
  "neighborhood": "parents",
  "n_sweeps": 5,
  "burn_in": null,
  "threshold": 0.35,
  "C": 1.0,
  "n_traces": 13,
  "f1_weighted": 0.507761531397895,
  "f1_macro": 0.3502351449719871,
  "f1_micro": 0.5064935064935064,
  "precision": 0.4088515020333202,
  "recall": 0.7090909090909091,
  "accuracy_subset": 0.0,
  "accuracy_hamming": 0.6923076923076923,
  "location_accuracy": 1.0,
  "joint_accuracy": 0.6045364891518739,
  "per_class": {
    "Authentication Errors": {
      "precision": 0.0,
      "recall": 0.0,
      "f1": 0.0,
      "support": 1
    },
    "Context Handling Failures": {
      "precision": 0.16666666666666666,
      "recall": 0.5,
      "f1": 0.25,
      "support": 2
    },
    "Environment Setup Errors": {
      "precision": 0.2,
      "recall": 1.0,
      "f1": 0.3333333333333333,
      "support": 1
    },
    "Formatting Errors": {
      "precision": 0.6666666666666666,
      "recall": 0.8571428571428571,
      "f1": 0.75,
      "support": 7
    },
    "Goal Deviation": {
      "precision": 0.5454545454545454,
      "recall": 0.8571428571428571,
      "f1": 0.6666666666666666,
      "support": 7
    },
    "Incorrect Problem Identification": {
      "precision": 0.6,
      "recall": 1.0,
      "f1": 0.75,
      "support": 3
    },
    "Instruction Non-compliance": {
      "precision": 0.2857142857142857,
      "recall": 0.6666666666666666,
      "f1": 0.4,
      "support": 3
    },
    "Language-only": {
      "precision": 0.6,
      "recall": 1.0,
      "f1": 0.75,
      "support": 6
    },
    "Poor Information Retrieval": {
      "precision": 0.6,
      "recall": 0.75,
      "f1": 0.6666666666666666,
      "support": 4
    },
    "Resource Abuse": {
      "precision": 0.42857142857142855,
      "recall": 1.0,
      "f1": 0.6,
      "support": 3
    },
    "Resource Exhaustion": {
      "precision": 0.0,
      "recall": 0.0,
      "f1": 0.0,
      "support": 1
    },
    "Resource Not Found": {
      "precision": 0.0,
      "recall": 0.0,
      "f1": 0.0,
      "support": 2
    },
    "Service Errors": {
      "precision": 0.0,
      "recall": 0.0,
      "f1": 0.0,
      "support": 1
    },
    "Task Orchestration": {
      "precision": 0.375,
      "recall": 0.6,
      "f1": 0.46153846153846156,
      "support": 5
    },
    "Timeout Issues": {
      "precision": 0.0,
      "recall": 0.0,
      "f1": 0.0,
      "support": 1
    },
    "Tool Definition Issues": {
      "precision": 0.0,
      "recall": 0.0,
      "f1": 0.0,
      "support": 1
    },
    "Tool Output Misinterpretation": {
      "precision": 0.2857142857142857,
      "recall": 1.0,
      "f1": 0.4444444444444444,
      "support": 2
    },
    "Tool Selection Errors": {
      "precision": 0.2857142857142857,
      "recall": 0.6666666666666666,
      "f1": 0.4,
      "support": 3
    },
    "Tool-related": {
      "precision": 0.1111111111111111,
      "recall": 0.5,
      "f1": 0.18181818181818182,
      "support": 2
    }
  },
  "baseline_f1_weighted": 0.5202734107997266,
  "delta_f1_weighted": -0.012511879401831516
}