{
  "model": "CDN_deterministic_parents",
  "split": "val",
  "inference": "deterministic",
  "neighborhood": "parents",
  "n_sweeps": 5,
  "burn_in": null,
  "threshold": 0.35,
  "C": 1.0,
  "n_traces": 12,
  "f1_weighted": 0.5917057119479264,
  "f1_macro": 0.32712182038807425,
  "f1_micro": 0.5416666666666666,
  "precision": 0.5115645247998188,
  "recall": 0.7647058823529411,
  "accuracy_subset": 0.0,
  "accuracy_hamming": 0.7105263157894737,
  "location_accuracy": 1.0,
  "joint_accuracy": 0.7082010582010584,
  "per_class": {
    "Authentication Errors": {
      "precision": 0.0,
      "recall": 0.0,
      "f1": 0.0,
      "support": 0
    },
    "Context Handling Failures": {
      "precision": 0.16666666666666666,
      "recall": 0.3333333333333333,
      "f1": 0.2222222222222222,
      "support": 3
    },
    "Environment Setup Errors": {
      "precision": 0.0,
      "recall": 0.0,
      "f1": 0.0,
      "support": 0
    },
    "Formatting Errors": {
      "precision": 0.4,
      "recall": 0.4,
      "f1": 0.4,
      "support": 5
    },
    "Goal Deviation": {
      "precision": 0.5454545454545454,
      "recall": 1.0,
      "f1": 0.7058823529411765,
      "support": 6
    },
    "Incorrect Problem Identification": {
      "precision": 0.16666666666666666,
      "recall": 1.0,
      "f1": 0.2857142857142857,
      "support": 1
    },
    "Instruction Non-compliance": {
      "precision": 0.7142857142857143,
      "recall": 0.625,
      "f1": 0.6666666666666666,
      "support": 8
    },
    "Language-only": {
      "precision": 0.1111111111111111,
      "recall": 0.3333333333333333,
      "f1": 0.16666666666666666,
      "support": 3
    },
    "Poor Information Retrieval": {
      "precision": 0.6,
      "recall": 0.75,
      "f1": 0.6666666666666666,
      "support": 4
    },
    "Resource Abuse": {
      "precision": 0.8,
      "recall": 1.0,
      "f1": 0.8888888888888888,
      "support": 4
    },
    "Resource Exhaustion": {
      "precision": 0.0,
      "recall": 0.0,
      "f1": 0.0,
      "support": 0
    },
    "Resource Not Found": {
      "precision": 0.0,
      "recall": 0.0,
      "f1": 0.0,
      "support": 0
    },
    "Service Errors": {
      "precision": 0.0,
      "recall": 0.0,
      "f1": 0.0,
      "support": 0
    },
    "Task Orchestration": {
      "precision": 0.4444444444444444,
      "recall": 1.0,
      "f1": 0.6153846153846154,
      "support": 4
    },
    "Timeout Issues": {
      "precision": 0.0,
      "recall": 0.0,
      "f1": 0.0,
      "support": 0
    },
    "Tool Definition Issues": {
      "precision": 0.0,
      "recall": 0.0,
      "f1": 0.0,
      "support": 0
    },
    "Tool Output Misinterpretation": {
      "precision": 0.125,
      "recall": 1.0,
      "f1": 0.2222222222222222,
      "support": 1
    },
    "Tool Selection Errors": {
      "precision": 0.6,
      "recall": 1.0,
      "f1": 0.75,
      "support": 6
    },
    "Tool-related": {
      "precision": 0.5,
      "recall": 0.8333333333333334,
      "f1": 0.625,
      "support": 6
    }
  },
  "baseline_f1_weighted": 0.6364749821497228,
  "delta_f1_weighted": -0.04476927020179633
}