{
  "model": "CDN_deterministic_both",
  "split": "test",
  "inference": "deterministic",
  "neighborhood": "both",
  "n_sweeps": 3,
  "burn_in": null,
  "threshold": 0.1,
  "C": 0.1,
  "n_traces": 13,
  "f1_weighted": 0.46814956285544523,
  "f1_macro": 0.33658902157354165,
  "f1_micro": 0.4188034188034188,
  "precision": 0.33442537260719074,
  "recall": 0.8909090909090909,
  "accuracy_subset": 0.0,
  "accuracy_hamming": 0.4493927125506073,
  "location_accuracy": 1.0,
  "joint_accuracy": 0.8128205128205129,
  "per_class": {
    "Authentication Errors": {
      "precision": 0.3333333333333333,
      "recall": 1.0,
      "f1": 0.5,
      "support": 1
    },
    "Context Handling Failures": {
      "precision": 0.15384615384615385,
      "recall": 1.0,
      "f1": 0.26666666666666666,
      "support": 2
    },
    "Environment Setup Errors": {
      "precision": 0.1111111111111111,
      "recall": 1.0,
      "f1": 0.2,
      "support": 1
    },
    "Formatting Errors": {
      "precision": 0.5454545454545454,
      "recall": 0.8571428571428571,
      "f1": 0.6666666666666666,
      "support": 7
    },
    "Goal Deviation": {
      "precision": 0.5384615384615384,
      "recall": 1.0,
      "f1": 0.7,
      "support": 7
    },
    "Incorrect Problem Identification": {
      "precision": 0.25,
      "recall": 1.0,
      "f1": 0.4,
      "support": 3
    },
    "Instruction Non-compliance": {
      "precision": 0.23076923076923078,
      "recall": 1.0,
      "f1": 0.375,
      "support": 3
    },
    "Language-only": {
      "precision": 0.5,
      "recall": 1.0,
      "f1": 0.6666666666666666,
      "support": 6
    },
    "Poor Information Retrieval": {
      "precision": 0.3076923076923077,
      "recall": 1.0,
      "f1": 0.47058823529411764,
      "support": 4
    },
    "Resource Abuse": {
      "precision": 0.25,
      "recall": 1.0,
      "f1": 0.4,
      "support": 3
    },
    "Resource Exhaustion": {
      "precision": 0.0,
      "recall": 0.0,
      "f1": 0.0,
      "support": 1
    },
    "Resource Not Found": {
      "precision": 0.2,
      "recall": 0.5,
      "f1": 0.2857142857142857,
      "support": 2
    },
    "Service Errors": {
      "precision": 0.0,
      "recall": 0.0,
      "f1": 0.0,
      "support": 1
    },
    "Task Orchestration": {
      "precision": 0.38461538461538464,
      "recall": 1.0,
      "f1": 0.5555555555555556,
      "support": 5
    },
    "Timeout Issues": {
      "precision": 0.0,
      "recall": 0.0,
      "f1": 0.0,
      "support": 1
    },
    "Tool Definition Issues": {
      "precision": 0.0,
      "recall": 0.0,
      "f1": 0.0,
      "support": 1
    },
    "Tool Output Misinterpretation": {
      "precision": 0.15384615384615385,
      "recall": 1.0,
      "f1": 0.26666666666666666,
      "support": 2
    },
    "Tool Selection Errors": {
      "precision": 0.23076923076923078,
      "recall": 1.0,
      "f1": 0.375,
      "support": 3
    },
    "Tool-related": {
      "precision": 0.15384615384615385,
      "recall": 1.0,
      "f1": 0.26666666666666666,
      "support": 2
    }
  },
  "baseline_f1_weighted": 0.5202734107997266,
  "delta_f1_weighted": -0.05212384794428132
}