{
  "model": "Baseline+CausalGate",
  "split": "test",
  "beta": 0.85,
  "threshold": 0.5,
  "n_traces": 13,
  "f1_weighted": 0.5170699475962633,
  "f1_macro": 0.38424330363388537,
  "f1_micro": 0.4861878453038674,
  "precision": 0.40054395099849655,
  "recall": 0.8,
  "accuracy_subset": 0.0,
  "accuracy_hamming": 0.6234817813765182,
  "location_accuracy": 0.9923076923076923,
  "joint_accuracy": 0.6120315581854044,
  "per_class": {
    "Authentication Errors": {
      "precision": 0.5,
      "recall": 1.0,
      "f1": 0.6666666666666666,
      "support": 1
    },
    "Context Handling Failures": {
      "precision": 0.15384615384615385,
      "recall": 1.0,
      "f1": 0.26666666666666666,
      "support": 2
    },
    "Environment Setup Errors": {
      "precision": 0.16666666666666666,
      "recall": 1.0,
      "f1": 0.2857142857142857,
      "support": 1
    },
    "Formatting Errors": {
      "precision": 0.5384615384615384,
      "recall": 1.0,
      "f1": 0.7,
      "support": 7
    },
    "Goal Deviation": {
      "precision": 0.5833333333333334,
      "recall": 1.0,
      "f1": 0.7368421052631579,
      "support": 7
    },
    "Incorrect Problem Identification": {
      "precision": 0.5,
      "recall": 0.6666666666666666,
      "f1": 0.5714285714285714,
      "support": 3
    },
    "Instruction Non-compliance": {
      "precision": 0.25,
      "recall": 1.0,
      "f1": 0.4,
      "support": 3
    },
    "Language-only": {
      "precision": 0.6666666666666666,
      "recall": 1.0,
      "f1": 0.8,
      "support": 6
    },
    "Poor Information Retrieval": {
      "precision": 0.4,
      "recall": 0.5,
      "f1": 0.4444444444444444,
      "support": 4
    },
    "Resource Abuse": {
      "precision": 0.375,
      "recall": 1.0,
      "f1": 0.5454545454545454,
      "support": 3
    },
    "Resource Exhaustion": {
      "precision": 0.0,
      "recall": 0.0,
      "f1": 0.0,
      "support": 1
    },
    "Resource Not Found": {
      "precision": 0.3333333333333333,
      "recall": 0.5,
      "f1": 0.4,
      "support": 2
    },
    "Service Errors": {
      "precision": 0.0,
      "recall": 0.0,
      "f1": 0.0,
      "support": 1
    },
    "Task Orchestration": {
      "precision": 0.4444444444444444,
      "recall": 0.8,
      "f1": 0.5714285714285714,
      "support": 5
    },
    "Timeout Issues": {
      "precision": 0.0,
      "recall": 0.0,
      "f1": 0.0,
      "support": 1
    },
    "Tool Definition Issues": {
      "precision": 0.0,
      "recall": 0.0,
      "f1": 0.0,
      "support": 1
    },
    "Tool Output Misinterpretation": {
      "precision": 0.1111111111111111,
      "recall": 0.5,
      "f1": 0.18181818181818182,
      "support": 2
    },
    "Tool Selection Errors": {
      "precision": 0.18181818181818182,
      "recall": 0.6666666666666666,
      "f1": 0.2857142857142857,
      "support": 3
    },
    "Tool-related": {
      "precision": 0.2857142857142857,
      "recall": 1.0,
      "f1": 0.4444444444444444,
      "support": 2
    }
  },
  "baseline_f1_weighted": 0.5202734107997266,
  "delta_f1_weighted": -0.0032034632034632082
}