{
  "model": "CDN_gibbs_both",
  "split": "test",
  "inference": "gibbs",
  "neighborhood": "both",
  "n_sweeps": 20,
  "burn_in": 5,
  "threshold": 0.5,
  "C": 1.0,
  "n_traces": 25,
  "f1_weighted": 0.49841660052539166,
  "f1_macro": 0.32762405963073743,
  "f1_micro": 0.48,
  "precision": 0.42034685918181064,
  "recall": 0.6407766990291263,
  "accuracy_subset": 0.0,
  "accuracy_hamming": 0.6989473684210527,
  "location_accuracy": 1.0,
  "joint_accuracy": 0.5309145299145299,
  "per_class": {
    "Authentication Errors": {
      "precision": 0.0,
      "recall": 0.0,
      "f1": 0.0,
      "support": 1
    },
    "Context Handling Failures": {
      "precision": 0.06666666666666667,
      "recall": 0.25,
      "f1": 0.10526315789473684,
      "support": 4
    },
    "Environment Setup Errors": {
      "precision": 0.3333333333333333,
      "recall": 1.0,
      "f1": 0.5,
      "support": 1
    },
    "Formatting Errors": {
      "precision": 0.5,
      "recall": 0.6153846153846154,
      "f1": 0.5517241379310345,
      "support": 13
    },
    "Goal Deviation": {
      "precision": 0.6111111111111112,
      "recall": 0.8461538461538461,
      "f1": 0.7096774193548387,
      "support": 13
    },
    "Incorrect Problem Identification": {
      "precision": 0.13333333333333333,
      "recall": 0.5,
      "f1": 0.21052631578947367,
      "support": 4
    },
    "Instruction Non-compliance": {
      "precision": 0.7,
      "recall": 0.7,
      "f1": 0.7,
      "support": 10
    },
    "Language-only": {
      "precision": 0.3333333333333333,
      "recall": 0.5,
      "f1": 0.4,
      "support": 8
    },
    "Poor Information Retrieval": {
      "precision": 0.46153846153846156,
      "recall": 0.75,
      "f1": 0.5714285714285714,
      "support": 8
    },
    "Resource Abuse": {
      "precision": 0.5714285714285714,
      "recall": 1.0,
      "f1": 0.7272727272727273,
      "support": 8
    },
    "Resource Exhaustion": {
      "precision": 0.0,
      "recall": 0.0,
      "f1": 0.0,
      "support": 1
    },
    "Resource Not Found": {
      "precision": 0.0,
      "recall": 0.0,
      "f1": 0.0,
      "support": 1
    },
    "Service Errors": {
      "precision": 0.0,
      "recall": 0.0,
      "f1": 0.0,
      "support": 1
    },
    "Task Orchestration": {
      "precision": 0.4375,
      "recall": 0.875,
      "f1": 0.5833333333333334,
      "support": 8
    },
    "Timeout Issues": {
      "precision": 0.0,
      "recall": 0.0,
      "f1": 0.0,
      "support": 1
    },
    "Tool Definition Issues": {
      "precision": 0.0,
      "recall": 0.0,
      "f1": 0.0,
      "support": 1
    },
    "Tool Output Misinterpretation": {
      "precision": 0.2222222222222222,
      "recall": 0.6666666666666666,
      "f1": 0.3333333333333333,
      "support": 3
    },
    "Tool Selection Errors": {
      "precision": 0.46153846153846156,
      "recall": 0.75,
      "f1": 0.5714285714285714,
      "support": 8
    },
    "Tool-related": {
      "precision": 0.21428571428571427,
      "recall": 0.3333333333333333,
      "f1": 0.2608695652173913,
      "support": 9
    }
  },
  "baseline_f1_weighted": 0.5025553632334512,
  "delta_f1_weighted": -0.004138762708059518
}