{
  "model": "NoGraphBaseline",
  "split": "test",
  "n_traces": 13,
  "threshold": 0.5,
  "f1_weighted": 0.5202734107997266,
  "f1_macro": 0.38148641140330897,
  "f1_micro": 0.4918032786885246,
  "precision": 0.4012326562326563,
  "recall": 0.8181818181818182,
  "accuracy_subset": 0.0,
  "accuracy_hamming": 0.6234817813765182,
  "location_accuracy": 0.9923076923076923,
  "joint_accuracy": 0.6402366863905326,
  "per_class": {
    "Authentication Errors": {
      "precision": 0.3333333333333333,
      "recall": 1.0,
      "f1": 0.5,
      "support": 1
    },
    "Context Handling Failures": {
      "precision": 0.15384615384615385,
      "recall": 1.0,
      "f1": 0.26666666666666666,
      "support": 2
    },
    "Environment Setup Errors": {
      "precision": 0.16666666666666666,
      "recall": 1.0,
      "f1": 0.2857142857142857,
      "support": 1
    },
    "Formatting Errors": {
      "precision": 0.5384615384615384,
      "recall": 1.0,
      "f1": 0.7,
      "support": 7
    },
    "Goal Deviation": {
      "precision": 0.5833333333333334,
      "recall": 1.0,
      "f1": 0.7368421052631579,
      "support": 7
    },
    "Incorrect Problem Identification": {
      "precision": 0.5,
      "recall": 0.6666666666666666,
      "f1": 0.5714285714285714,
      "support": 3
    },
    "Instruction Non-compliance": {
      "precision": 0.25,
      "recall": 1.0,
      "f1": 0.4,
      "support": 3
    },
    "Language-only": {
      "precision": 0.6666666666666666,
      "recall": 1.0,
      "f1": 0.8,
      "support": 6
    },
    "Poor Information Retrieval": {
      "precision": 0.4,
      "recall": 0.5,
      "f1": 0.4444444444444444,
      "support": 4
    },
    "Resource Abuse": {
      "precision": 0.375,
      "recall": 1.0,
      "f1": 0.5454545454545454,
      "support": 3
    },
    "Resource Exhaustion": {
      "precision": 0.0,
      "recall": 0.0,
      "f1": 0.0,
      "support": 1
    },
    "Resource Not Found": {
      "precision": 0.3333333333333333,
      "recall": 0.5,
      "f1": 0.4,
      "support": 2
    },
    "Service Errors": {
      "precision": 0.0,
      "recall": 0.0,
      "f1": 0.0,
      "support": 1
    },
    "Task Orchestration": {
      "precision": 0.4444444444444444,
      "recall": 0.8,
      "f1": 0.5714285714285714,
      "support": 5
    },
    "Timeout Issues": {
      "precision": 0.0,
      "recall": 0.0,
      "f1": 0.0,
      "support": 1
    },
    "Tool Definition Issues": {
      "precision": 0.0,
      "recall": 0.0,
      "f1": 0.0,
      "support": 1
    },
    "Tool Output Misinterpretation": {
      "precision": 0.1111111111111111,
      "recall": 0.5,
      "f1": 0.18181818181818182,
      "support": 2
    },
    "Tool Selection Errors": {
      "precision": 0.25,
      "recall": 1.0,
      "f1": 0.4,
      "support": 3
    },
    "Tool-related": {
      "precision": 0.2857142857142857,
      "recall": 1.0,
      "f1": 0.4444444444444444,
      "support": 2
    }
  },
  "trace_predictions": {
    "0242ca2533fac5b8b604a9060b3e15d6": {
      "pred_indices": [
        1,
        2,
        3,
        4,
        6,
        7,
        13,
        16,
        17
      ],
      "true_indices": [
        3,
        4,
        7,
        8,
        17
      ],
      "trace_max": [
        0.0012534459820017219,
        0.8104590773582458,
        0.6255875825881958,
        0.8073533773422241,
        0.9702802300453186,
        0.20796991884708405,
        0.9716756343841553,
        0.9499638080596924,
        0.41355380415916443,
        0.08910024166107178,
        0.009908854961395264,
        0.008348354138433933,
        0.0010914411395788193,
        0.9269959330558777,
        0.009908854961395264,
        0.11581238359212875,
        0.6531033515930176,
        0.9825598001480103,
        0.3829314410686493
      ],
      "location_acc": 1.0,
      "joint_acc": 0.8
    },
    "21f0c6c8d76ac61f4388f36ddffe1c38": {
      "pred_indices": [
        0,
        1,
        3,
        8,
        9,
        11,
        12,
        16
      ],
      "true_indices": [
        0,
        1,
        8,
        9,
        13
      ],
      "trace_max": [
        0.9087266325950623,
        0.7042272686958313,
        0.23431336879730225,
        0.952480137348175,
        0.3118516802787781,
        0.1990983635187149,
        0.40025395154953003,
        0.12097324430942535,
        0.9781033992767334,
        0.9604787230491638,
        0.0061052278615534306,
        0.967523992061615,
        0.9262609481811523,
        0.09509865194559097,
        0.0061052278615534306,
        0.0726761594414711,
        0.6717267036437988,
        0.3807569146156311,
        0.4144594967365265
      ],
      "location_acc": 1.0,
      "joint_acc": 0.3333333333333333
    },
    "2713fa0aa73f0c5a8b480f026c21a547": {
      "pred_indices": [
        1,
        2,
        3,
        4,
        6,
        7,
        8,
        9,
        13,
        16,
        17,
        18
      ],
      "true_indices": [
        4,
        6,
        7,
        13,
        17
      ],
      "trace_max": [
        0.03624878078699112,
        0.8907967209815979,
        0.7823081612586975,
        0.9254979491233826,
        0.9856157302856445,
        0.4533720016479492,
        0.9814436435699463,
        0.9683992862701416,
        0.5466402769088745,
        0.5422791242599487,
        0.18188847601413727,
        0.036798764020204544,
        0.01686081849038601,
        0.9761459827423096,
        0.18188847601413727,
        0.43548670411109924,
        0.9136842489242554,
        0.9907355904579163,
        0.9296563267707825
      ],
      "location_acc": 1.0,
      "joint_acc": 1.0
    },
    "396b6aa1ab86eb2e20d27582eb5eebd9": {
      "pred_indices": [
        1,
        3,
        4,
        6,
        17
      ],
      "true_indices": [
        3,
        12
      ],
      "trace_max": [
        0.0033188231755048037,
        0.6384446024894714,
        0.22229807078838348,
        0.9689448475837708,
        0.690593957901001,
        0.05134641379117966,
        0.850888729095459,
        0.4973428249359131,
        0.36663755774497986,
        0.33038827776908875,
        0.0005096979439258575,
        0.022750556468963623,
        0.005644656717777252,
        0.3719302713871002,
        0.0005096979439258575,
        0.005025916732847691,
        0.4938848316669464,
        0.6344102025032043,
        0.12720036506652832
      ],
      "location_acc": 1.0,
      "joint_acc": 0.8333333333333334
    },
    "41bbc898aa7de0f31d2382ff57700a76": {
      "pred_indices": [
        0,
        1,
        2,
        3,
        4,
        5,
        6,
        7,
        9,
        11,
        12,
        13,
        16,
        17,
        18
      ],
      "true_indices": [
        2,
        4,
        6,
        7,
        11,
        17
      ],
      "trace_max": [
        0.7084401845932007,
        0.7784702777862549,
        0.912722110748291,
        0.8987876176834106,
        0.7937033772468567,
        0.9501287937164307,
        0.8961072564125061,
        0.807692289352417,
        0.055275436490774155,
        0.5614818334579468,
        0.10352253913879395,
        0.8468297123908997,
        0.6189162731170654,
        0.7690644860267639,
        0.10352253913879395,
        0.2942488193511963,
        0.7424591183662415,
        0.5118514895439148,
        0.7199370265007019
      ],
      "location_acc": 1.0,
      "joint_acc": 1.0
    },
    "4a8d094e92433f1ba1da21f602c417d9": {
      "pred_indices": [
        1,
        2,
        3,
        4,
        5,
        6,
        7,
        13,
        15,
        16,
        17,
        18
      ],
      "true_indices": [
        4,
        13,
        18
      ],