{
  "model": "Baseline+CausalGate",
  "split": "test",
  "beta": 0.7,
  "threshold": 0.5,
  "n_traces": 25,
  "f1_weighted": 0.5025553632334512,
  "f1_macro": 0.3371788794739467,
  "f1_micro": 0.3838771593090211,
  "precision": 0.3541461469912293,
  "recall": 0.970873786407767,
  "accuracy_subset": 0.0,
  "accuracy_hamming": 0.3242105263157895,
  "location_accuracy": 1.0,
  "joint_accuracy": 0.8883516483516484,
  "per_class": {
    "Authentication Errors": {
      "precision": 0.09090909090909091,
      "recall": 1.0,
      "f1": 0.16666666666666666,
      "support": 1
    },
    "Context Handling Failures": {
      "precision": 0.16,
      "recall": 1.0,
      "f1": 0.27586206896551724,
      "support": 4
    },
    "Environment Setup Errors": {
      "precision": 0.04,
      "recall": 1.0,
      "f1": 0.07692307692307693,
      "support": 1
    },
    "Formatting Errors": {
      "precision": 0.5217391304347826,
      "recall": 0.9230769230769231,
      "f1": 0.6666666666666666,
      "support": 13
    },
    "Goal Deviation": {
      "precision": 0.52,
      "recall": 1.0,
      "f1": 0.6842105263157895,
      "support": 13
    },
    "Incorrect Problem Identification": {
      "precision": 0.16,
      "recall": 1.0,
      "f1": 0.27586206896551724,
      "support": 4
    },
    "Instruction Non-compliance": {
      "precision": 0.4,
      "recall": 1.0,
      "f1": 0.5714285714285714,
      "support": 10
    },
    "Language-only": {
      "precision": 0.32,
      "recall": 1.0,
      "f1": 0.48484848484848486,
      "support": 8
    },
    "Poor Information Retrieval": {
      "precision": 0.36363636363636365,
      "recall": 1.0,
      "f1": 0.5333333333333333,
      "support": 8
    },
    "Resource Abuse": {
      "precision": 0.3888888888888889,
      "recall": 0.875,
      "f1": 0.5384615384615384,
      "support": 8
    },
    "Resource Exhaustion": {
      "precision": 0.041666666666666664,
      "recall": 1.0,
      "f1": 0.08,
      "support": 1
    },
    "Resource Not Found": {
      "precision": 0.0,
      "recall": 0.0,
      "f1": 0.0,
      "support": 1
    },
    "Service Errors": {
      "precision": 0.1,
      "recall": 1.0,
      "f1": 0.18181818181818182,
      "support": 1
    },
    "Task Orchestration": {
      "precision": 0.32,
      "recall": 1.0,
      "f1": 0.48484848484848486,
      "support": 8
    },
    "Timeout Issues": {
      "precision": 0.041666666666666664,
      "recall": 1.0,
      "f1": 0.08,
      "support": 1
    },
    "Tool Definition Issues": {
      "precision": 0.04,
      "recall": 1.0,
      "f1": 0.07692307692307693,
      "support": 1
    },
    "Tool Output Misinterpretation": {
      "precision": 0.12,
      "recall": 1.0,
      "f1": 0.21428571428571427,
      "support": 3
    },
    "Tool Selection Errors": {
      "precision": 0.32,
      "recall": 1.0,
      "f1": 0.48484848484848486,
      "support": 8
    },
    "Tool-related": {
      "precision": 0.36,
      "recall": 1.0,
      "f1": 0.5294117647058824,
      "support": 9
    }
  },
  "baseline_f1_weighted": 0.5025553632334512,
  "delta_f1_weighted": 0.0
}