{
  "model": "Baseline+CausalGate",
  "split": "val",
  "beta": 0.7,
  "threshold": 0.5,
  "n_traces": 10,
  "f1_weighted": 0.5939346121007021,
  "f1_macro": 0.25971500120106933,
  "f1_micro": 0.3492063492063492,
  "precision": 0.45261437908496727,
  "recall": 0.9705882352941176,
  "accuracy_subset": 0.0,
  "accuracy_hamming": 0.3526315789473684,
  "location_accuracy": 0.9,
  "joint_accuracy": 0.8216666666666667,
  "per_class": {
    "Authentication Errors": {
      "precision": 0.0,
      "recall": 0.0,
      "f1": 0.0,
      "support": 0
    },
    "Context Handling Failures": {
      "precision": 0.0,
      "recall": 0.0,
      "f1": 0.0,
      "support": 0
    },
    "Environment Setup Errors": {
      "precision": 0.0,
      "recall": 0.0,
      "f1": 0.0,
      "support": 0
    },
    "Formatting Errors": {
      "precision": 0.2222222222222222,
      "recall": 1.0,
      "f1": 0.36363636363636365,
      "support": 2
    },
    "Goal Deviation": {
      "precision": 0.7,
      "recall": 1.0,
      "f1": 0.8235294117647058,
      "support": 7
    },
    "Incorrect Problem Identification": {
      "precision": 0.1111111111111111,
      "recall": 1.0,
      "f1": 0.2,
      "support": 1
    },
    "Instruction Non-compliance": {
      "precision": 0.2222222222222222,
      "recall": 0.6666666666666666,
      "f1": 0.3333333333333333,
      "support": 3
    },
    "Language-only": {
      "precision": 0.3333333333333333,
      "recall": 1.0,
      "f1": 0.5,
      "support": 3
    },
    "Poor Information Retrieval": {
      "precision": 0.0,
      "recall": 0.0,
      "f1": 0.0,
      "support": 0
    },
    "Resource Abuse": {
      "precision": 0.2222222222222222,
      "recall": 1.0,
      "f1": 0.36363636363636365,
      "support": 2
    },
    "Resource Exhaustion": {
      "precision": 0.0,
      "recall": 0.0,
      "f1": 0.0,
      "support": 0
    },
    "Resource Not Found": {
      "precision": 0.0,
      "recall": 0.0,
      "f1": 0.0,
      "support": 0
    },
    "Service Errors": {
      "precision": 0.0,
      "recall": 0.0,
      "f1": 0.0,
      "support": 0
    },
    "Task Orchestration": {
      "precision": 0.4444444444444444,
      "recall": 1.0,
      "f1": 0.6153846153846154,
      "support": 4
    },
    "Timeout Issues": {
      "precision": 0.0,
      "recall": 0.0,
      "f1": 0.0,
      "support": 0
    },
    "Tool Definition Issues": {
      "precision": 0.0,
      "recall": 0.0,
      "f1": 0.0,
      "support": 0
    },
    "Tool Output Misinterpretation": {
      "precision": 0.2222222222222222,
      "recall": 1.0,
      "f1": 0.36363636363636365,
      "support": 2
    },
    "Tool Selection Errors": {
      "precision": 0.4,
      "recall": 1.0,
      "f1": 0.5714285714285714,
      "support": 4
    },
    "Tool-related": {
      "precision": 0.6666666666666666,
      "recall": 1.0,
      "f1": 0.8,
      "support": 6
    }
  },
  "baseline_f1_weighted": 0.5887633128117558,
  "delta_f1_weighted": 0.005171299288946329
}