{
  "model": "NoGraphBaseline",
  "split": "val",
  "n_traces": 12,
  "threshold": 0.5000000000000001,
  "f1_weighted": 0.6320879332125008,
  "f1_macro": 0.3558860386259768,
  "f1_micro": 0.5274725274725275,
  "precision": 0.49803921568627446,
  "recall": 0.9411764705882353,
  "accuracy_subset": 0.0,
  "accuracy_hamming": 0.6228070175438596,
  "per_class": {
    "Authentication Errors": {
      "precision": 0.0,
      "recall": 0.0,
      "f1": 0.0,
      "support": 0
    },
    "Context Handling Failures": {
      "precision": 0.18181818181818182,
      "recall": 0.6666666666666666,
      "f1": 0.2857142857142857,
      "support": 3
    },
    "Environment Setup Errors": {
      "precision": 0.0,
      "recall": 0.0,
      "f1": 0.0,
      "support": 0
    },
    "Formatting Errors": {
      "precision": 0.45454545454545453,
      "recall": 1.0,
      "f1": 0.625,
      "support": 5
    },
    "Goal Deviation": {
      "precision": 0.5,
      "recall": 1.0,
      "f1": 0.6666666666666666,
      "support": 6
    },
    "Incorrect Problem Identification": {
      "precision": 0.3333333333333333,
      "recall": 1.0,
      "f1": 0.5,
      "support": 1
    },
    "Instruction Non-compliance": {
      "precision": 0.6666666666666666,
      "recall": 1.0,
      "f1": 0.8,
      "support": 8
    },
    "Language-only": {
      "precision": 0.2727272727272727,
      "recall": 1.0,
      "f1": 0.42857142857142855,
      "support": 3
    },
    "Poor Information Retrieval": {
      "precision": 0.75,
      "recall": 0.75,
      "f1": 0.75,
      "support": 4
    },
    "Resource Abuse": {
      "precision": 0.6,
      "recall": 0.75,
      "f1": 0.6666666666666666,
      "support": 4
    },
    "Resource Exhaustion": {
      "precision": 0.0,
      "recall": 0.0,
      "f1": 0.0,
      "support": 0
    },
    "Resource Not Found": {
      "precision": 0.0,
      "recall": 0.0,
      "f1": 0.0,
      "support": 0
    },
    "Service Errors": {
      "precision": 0.0,
      "recall": 0.0,
      "f1": 0.0,
      "support": 0
    },
    "Task Orchestration": {
      "precision": 0.3333333333333333,
      "recall": 1.0,
      "f1": 0.5,
      "support": 4
    },
    "Timeout Issues": {
      "precision": 0.0,
      "recall": 0.0,
      "f1": 0.0,
      "support": 0
    },
    "Tool Definition Issues": {
      "precision": 0.0,
      "recall": 0.0,
      "f1": 0.0,
      "support": 0
    },
    "Tool Output Misinterpretation": {
      "precision": 0.09090909090909091,
      "recall": 1.0,
      "f1": 0.16666666666666666,
      "support": 1
    },
    "Tool Selection Errors": {
      "precision": 0.5,
      "recall": 1.0,
      "f1": 0.6666666666666666,
      "support": 6
    },
    "Tool-related": {
      "precision": 0.5454545454545454,
      "recall": 1.0,
      "f1": 0.7058823529411765,
      "support": 6
    }
  },
  "trace_predictions": {
    "041b7f9c8c76c2ca1a8e67c6769267c3": {
      "pred_indices": [
        1,
        2,
        3,
        4,
        6,
        7,
        13,
        15,
        16,
        17,
        18
      ],
      "true_indices": [
        1,
        3,
        18
      ],
      "trace_max": [
        0.0032791669946163893,
        0.8892040848731995,
        0.7029746770858765,
        0.7892052531242371,
        0.9405338168144226,
        0.3337179720401764,
        0.8415802121162415,
        0.8046716451644897,
        0.4946903586387634,
        0.23500539362430573,
        0.003563865087926388,
        0.006220667622983456,
        0.0010325043695047498,
        0.8934161067008972,
        0.003563865087926388,
        0.7072203159332275,
        0.6889619827270508,
        0.9193724393844604,
        0.6198113560676575
      ]
    },
    "1dd91d388cb4889e6c1f5ea5ca06bce6": {
      "pred_indices": [
        1,
        2,
        3,
        4,
        6,
        7,
        9,
        13,
        16,
        17,
        18
      ],
      "true_indices": [
        1,
        4,
        13,
        17,
        18
      ],
      "trace_max": [
        0.04382264241576195,
        0.6170634031295776,
        0.6344818472862244,
        0.8870581388473511,
        0.9639356732368469,
        0.38003697991371155,
        0.9895015358924866,
        0.9718109369277954,
        0.32507118582725525,
        0.5918753743171692,
        0.3914666175842285,
        0.1284080445766449,
        0.05611738935112953,
        0.9336942434310913,
        0.3914666175842285,
        0.022754501551389694,
        0.702623724937439,
        0.9578974843025208,
        0.8503010869026184
      ]
    },
    "25c8275651013fe8398ef0f735eb0912": {
      "pred_indices": [
        1,
        3,
        4,
        6,
        7,
        13,
        16,
        17,
        18
      ],
      "true_indices": [
        3,
        4,
        8,
        17
      ],
      "trace_max": [
        0.0012995487777516246,
        0.6054819822311401,
        0.31076547503471375,
        0.8912626504898071,
        0.9885562062263489,
        0.07583140581846237,
        0.9905285239219666,
        0.9868535995483398,
        0.3872090280056,
        0.3849855065345764,
        0.2236841917037964,
        0.003628405975177884,
        0.0016309138154610991,
        0.9827595949172974,
        0.2236841917037964,
        0.10203403979539871,
        0.5950868129730225,
        0.9966083765029907,
        0.9327268004417419
      ]
    },
    "2cb6924caac94b32d2bf4b40bdf4ab51": {
      "pred_indices": [
        0,
        1,
        2,
        3,
        4,
        6,
        7,
        8,
        9,
        11,
        12,
        13,
        16,
        17,
        18
      ],
      "true_indices": [
        3,
        7,
        8,
        9,
        18
      ],
      "trace_max": [
        0.9552431106567383,
        0.8871983885765076,
        0.6924778819084167,
        0.9842978119850159,
        0.9730315208435059,
        0.3759462833404541,
        0.9909104704856873,
        0.9763975143432617,
        0.9924378991127014,
        0.9922204613685608,
        0.06580517441034317,
        0.9848304986953735,
        0.9711602330207825,
        0.9296964406967163,
        0.06580517441034317,
        0.03878679871559143,
        0.9171209335327148,
        0.9823123812675476,
        0.97132807970047
      ]
    },
    "4514626d62ed350ee7878c03f51bbe68": {
      "pred_indices": [
        1,
        2,
        3,
        4,
        5,
        6,
        7,
        13,
        16,
        17,
        18
      ],
      "true_indices": [
        4,
        6,
        17
      ],
      "trace_max": [
        0.017455320805311203,
        0.9053438901901245,
        0.9539390206336975,
        0.7617844939231873,
        0.9925565719604492,
        0.9531338214874268,
        0.9922357201576233,
        0.9952854514122009,
        0.33606085181236267,
        0.45365092158317566,
        0.42950600385665894,
        0.0736946389079094,
        0.008640795014798641,
        0.9931654334068298,
        0.42950600385665894,
        0.42733630537986755,
        0.8597613573074341,
        0.9913946986198425,
        0.9486551880836487
      ]
    },
    "911e853f02d03e976dbf0c16f653ab57": {
      "pred_indices": [
        2,
        4,
        5,
        6,
        7,
        10,
        13,
        14,
        16,
        17,
        18
      ],
      "true_indices": [
        1,
        4,
        6,
        7,
        13,
        17
      ],