{
  "model": "NoGraphBaseline",
  "split": "test",
  "n_traces": 13,
  "threshold": 0.5000000000000001,
  "f1_weighted": 0.5369669697660128,
  "f1_macro": 0.46779878324199653,
  "f1_micro": 0.48205128205128206,
  "precision": 0.4152314352314352,
  "recall": 0.8545454545454545,
  "accuracy_subset": 0.0,
  "accuracy_hamming": 0.5910931174089069,
  "per_class": {
    "Authentication Errors": {
      "precision": 0.3333333333333333,
      "recall": 1.0,
      "f1": 0.5,
      "support": 1
    },
    "Context Handling Failures": {
      "precision": 0.16666666666666666,
      "recall": 1.0,
      "f1": 0.2857142857142857,
      "support": 2
    },
    "Environment Setup Errors": {
      "precision": 0.14285714285714285,
      "recall": 1.0,
      "f1": 0.25,
      "support": 1
    },
    "Formatting Errors": {
      "precision": 0.5384615384615384,
      "recall": 1.0,
      "f1": 0.7,
      "support": 7
    },
    "Goal Deviation": {
      "precision": 0.5833333333333334,
      "recall": 1.0,
      "f1": 0.7368421052631579,
      "support": 7
    },
    "Incorrect Problem Identification": {
      "precision": 0.3333333333333333,
      "recall": 0.6666666666666666,
      "f1": 0.4444444444444444,
      "support": 3
    },
    "Instruction Non-compliance": {
      "precision": 0.23076923076923078,
      "recall": 1.0,
      "f1": 0.375,
      "support": 3
    },
    "Language-only": {
      "precision": 0.6,
      "recall": 1.0,
      "f1": 0.75,
      "support": 6
    },
    "Poor Information Retrieval": {
      "precision": 0.4,
      "recall": 0.5,
      "f1": 0.4444444444444444,
      "support": 4
    },
    "Resource Abuse": {
      "precision": 0.3333333333333333,
      "recall": 1.0,
      "f1": 0.5,
      "support": 3
    },
    "Resource Exhaustion": {
      "precision": 1.0,
      "recall": 1.0,
      "f1": 1.0,
      "support": 1
    },
    "Resource Not Found": {
      "precision": 0.3333333333333333,
      "recall": 0.5,
      "f1": 0.4,
      "support": 2
    },
    "Service Errors": {
      "precision": 0.0,
      "recall": 0.0,
      "f1": 0.0,
      "support": 1
    },
    "Task Orchestration": {
      "precision": 0.4444444444444444,
      "recall": 0.8,
      "f1": 0.5714285714285714,
      "support": 5
    },
    "Timeout Issues": {
      "precision": 1.0,
      "recall": 1.0,
      "f1": 1.0,
      "support": 1
    },
    "Tool Definition Issues": {
      "precision": 0.0,
      "recall": 0.0,
      "f1": 0.0,
      "support": 1
    },
    "Tool Output Misinterpretation": {
      "precision": 0.1,
      "recall": 0.5,
      "f1": 0.16666666666666666,
      "support": 2
    },
    "Tool Selection Errors": {
      "precision": 0.25,
      "recall": 1.0,
      "f1": 0.4,
      "support": 3
    },
    "Tool-related": {
      "precision": 0.2222222222222222,
      "recall": 1.0,
      "f1": 0.36363636363636365,
      "support": 2
    }
  },
  "trace_predictions": {
    "0242ca2533fac5b8b604a9060b3e15d6": {
      "pred_indices": [
        1,
        2,
        3,
        4,
        6,
        7,
        13,
        16,
        17
      ],
      "true_indices": [
        3,
        4,
        7,
        8,
        17
      ],
      "trace_max": [
        0.0005084757576696575,
        0.7820462584495544,
        0.6136741042137146,
        0.7881541848182678,
        0.9832624197006226,
        0.18918666243553162,
        0.983447790145874,
        0.9743984341621399,
        0.35995912551879883,
        0.0692775771021843,
        0.004093093331903219,
        0.004897219594568014,
        0.0005382440867833793,
        0.9593510627746582,
        0.004093093331903219,
        0.1295313984155655,
        0.6139858961105347,
        0.9895256757736206,
        0.43226930499076843
      ]
    },
    "21f0c6c8d76ac61f4388f36ddffe1c38": {
      "pred_indices": [
        0,
        1,
        3,
        5,
        6,
        8,
        9,
        11,
        12,
        16,
        18
      ],
      "true_indices": [
        0,
        1,
        8,
        9,
        13
      ],
      "trace_max": [
        0.9654341340065002,
        0.7440736293792725,
        0.43118980526924133,
        0.9716854095458984,
        0.3463331162929535,
        0.5090136528015137,
        0.5030301213264465,
        0.14918744564056396,
        0.9858711361885071,
        0.9796241521835327,
        0.016820592805743217,
        0.9831699132919312,
        0.9628534913063049,
        0.11455213278532028,
        0.016820592805743217,
        0.11748474091291428,
        0.8170036673545837,
        0.41712552309036255,
        0.5393644571304321
      ]
    },
    "2713fa0aa73f0c5a8b480f026c21a547": {
      "pred_indices": [
        1,
        2,
        3,
        4,
        5,
        6,
        7,
        8,
        9,
        13,
        15,
        16,
        17,
        18
      ],
      "true_indices": [
        4,
        6,
        7,
        13,
        17
      ],
      "trace_max": [
        0.08312389999628067,
        0.9010757803916931,
        0.8776642680168152,
        0.9317509531974792,
        0.9948257803916931,
        0.7052504420280457,
        0.9922627210617065,
        0.9895713329315186,
        0.5084359645843506,
        0.5431513786315918,
        0.3363040089607239,
        0.07657481729984283,
        0.03890626132488251,
        0.9931841492652893,
        0.3363040089607239,
        0.6846712231636047,
        0.9521113038063049,
        0.99639892578125,
        0.9720815420150757
      ]
    },
    "396b6aa1ab86eb2e20d27582eb5eebd9": {
      "pred_indices": [
        1,
        3,
        4,
        6,
        7,
        9,
        16,
        17
      ],
      "true_indices": [
        3,
        12
      ],
      "trace_max": [
        0.003265710547566414,
        0.7748475670814514,
        0.28553205728530884,
        0.9856036901473999,
        0.7645106911659241,
        0.09338247776031494,
        0.9184727072715759,
        0.610709011554718,
        0.4266245663166046,
        0.5418916344642639,
        0.00026174672530032694,
        0.02878534607589245,
        0.005084642209112644,
        0.4723186492919922,
        0.00026174672530032694,
        0.005625877995043993,
        0.6237488985061646,
        0.6144108176231384,
        0.2030186951160431
      ]
    },
    "41bbc898aa7de0f31d2382ff57700a76": {
      "pred_indices": [
        0,
        1,
        2,
        3,
        4,
        5,
        6,
        7,
        9,
        11,
        12,
        13,
        16,
        17,
        18
      ],
      "true_indices": [
        2,
        4,
        6,
        7,
        11,
        17
      ],
      "trace_max": [
        0.7476810812950134,
        0.8265897631645203,
        0.953307569026947,
        0.9324073791503906,
        0.8701944947242737,
        0.9837357401847839,
        0.94473797082901,
        0.8837695717811584,
        0.042045336216688156,
        0.594022274017334,
        0.08423984795808792,
        0.8606002330780029,
        0.602423906326294,
        0.8605397939682007,
        0.08423984795808792,
        0.31355008482933044,
        0.8539125323295593,
        0.5528200268745422,
        0.792302668094635
      ]
    },
    "4a8d094e92433f1ba1da21f602c417d9": {
      "pred_indices": [
        1,
        2,
        3,
        4,
        5,
        6,
        7,
        13,
        15,
        16,
        17,
        18
      ],
      "true_indices": [
        4,
        13,
        18
      ],