{
  "model": "Baseline+SuppesPropagate",
  "split": "test",
  "alpha": 0.0,
  "threshold": 0.5,
  "n_traces": 13,
  "cat_f1_weighted": 0.5369669697660128,
  "cat_f1_macro": 0.46779878324199653,
  "cat_f1_micro": 0.48205128205128206,
  "baseline_f1_weighted": 0.5369669697660128,
  "delta_vs_baseline": 0.0,
  "per_class": {
    "Authentication Errors": {
      "precision": 0.3333333333333333,
      "recall": 1.0,
      "f1": 0.5,
      "support": 1
    },
    "Context Handling Failures": {
      "precision": 0.16666666666666666,
      "recall": 1.0,
      "f1": 0.2857142857142857,
      "support": 2
    },
    "Environment Setup Errors": {
      "precision": 0.14285714285714285,
      "recall": 1.0,
      "f1": 0.25,
      "support": 1
    },
    "Formatting Errors": {
      "precision": 0.5384615384615384,
      "recall": 1.0,
      "f1": 0.7,
      "support": 7
    },
    "Goal Deviation": {
      "precision": 0.5833333333333334,
      "recall": 1.0,
      "f1": 0.7368421052631579,
      "support": 7
    },
    "Incorrect Problem Identification": {
      "precision": 0.3333333333333333,
      "recall": 0.6666666666666666,
      "f1": 0.4444444444444444,
      "support": 3
    },
    "Instruction Non-compliance": {
      "precision": 0.23076923076923078,
      "recall": 1.0,
      "f1": 0.375,
      "support": 3
    },
    "Language-only": {
      "precision": 0.6,
      "recall": 1.0,
      "f1": 0.75,
      "support": 6
    },
    "Poor Information Retrieval": {
      "precision": 0.4,
      "recall": 0.5,
      "f1": 0.4444444444444444,
      "support": 4
    },
    "Resource Abuse": {
      "precision": 0.3333333333333333,
      "recall": 1.0,
      "f1": 0.5,
      "support": 3
    },
    "Resource Exhaustion": {
      "precision": 1.0,
      "recall": 1.0,
      "f1": 1.0,
      "support": 1
    },
    "Resource Not Found": {
      "precision": 0.3333333333333333,
      "recall": 0.5,
      "f1": 0.4,
      "support": 2
    },
    "Service Errors": {
      "precision": 0.0,
      "recall": 0.0,
      "f1": 0.0,
      "support": 1
    },
    "Task Orchestration": {
      "precision": 0.4444444444444444,
      "recall": 0.8,
      "f1": 0.5714285714285714,
      "support": 5
    },
    "Timeout Issues": {
      "precision": 1.0,
      "recall": 1.0,
      "f1": 1.0,
      "support": 1
    },
    "Tool Definition Issues": {
      "precision": 0.0,
      "recall": 0.0,
      "f1": 0.0,
      "support": 1
    },
    "Tool Output Misinterpretation": {
      "precision": 0.1,
      "recall": 0.5,
      "f1": 0.16666666666666666,
      "support": 2
    },
    "Tool Selection Errors": {
      "precision": 0.25,
      "recall": 1.0,
      "f1": 0.4,
      "support": 3
    },
    "Tool-related": {
      "precision": 0.2222222222222222,
      "recall": 1.0,
      "f1": 0.36363636363636365,
      "support": 2
    }
  }
}