{
  "strategy": "Strategy A (per-label F1)",
  "val_f1_weighted": 0.7068421006137268,
  "test_f1_weighted": 0.4811556094091979,
  "test_f1_macro": 0.3654216282332626,
  "test_f1_micro": 0.4563758389261745,
  "test_precision": 0.48324675324675326,
  "test_recall": 0.6181818181818182,
  "location_accuracy": 1.0,
  "joint_accuracy": 0.5901380670611439,
  "delta_f1_weighted": -0.03911780139052867,
  "thresholds": [
    0.5,
    0.05,
    0.5,
    0.7500000000000001,
    0.9500000000000001,
    0.35000000000000003,
    0.05,
    0.9000000000000001,
    0.45,
    0.7000000000000001,
    0.5,
    0.5,
    0.5,
    0.9000000000000001,
    0.5,
    0.5,
    0.8,
    0.8500000000000001,
    0.5
  ],
  "per_class": {
    "Authentication Errors": {
      "precision": 0.3333333333333333,
      "recall": 1.0,
      "f1": 0.5,
      "support": 1
    },
    "Context Handling Failures": {
      "precision": 0.15384615384615385,
      "recall": 1.0,
      "f1": 0.26666666666666666,
      "support": 2
    },
    "Environment Setup Errors": {
      "precision": 0.16666666666666666,
      "recall": 1.0,
      "f1": 0.2857142857142857,
      "support": 1
    },
    "Formatting Errors": {
      "precision": 0.5833333333333334,
      "recall": 1.0,
      "f1": 0.7368421052631579,
      "support": 7
    },
    "Goal Deviation": {
      "precision": 1.0,
      "recall": 0.42857142857142855,
      "f1": 0.6,
      "support": 7
    },
    "Incorrect Problem Identification": {
      "precision": 0.4,
      "recall": 0.6666666666666666,
      "f1": 0.5,
      "support": 3
    },
    "Instruction Non-compliance": {
      "precision": 0.23076923076923078,
      "recall": 1.0,
      "f1": 0.375,
      "support": 3
    },
    "Language-only": {
      "precision": 0.6,
      "recall": 0.5,
      "f1": 0.5454545454545454,
      "support": 6
    },
    "Poor Information Retrieval": {
      "precision": 0.4,
      "recall": 0.5,
      "f1": 0.4444444444444444,
      "support": 4
    },
    "Resource Abuse": {
      "precision": 1.0,
      "recall": 1.0,
      "f1": 1.0,
      "support": 3
    },
    "Resource Exhaustion": {
      "precision": 0.0,
      "recall": 0.0,
      "f1": 0.0,
      "support": 1
    },
    "Resource Not Found": {
      "precision": 0.3333333333333333,
      "recall": 0.5,
      "f1": 0.4,
      "support": 2
    },
    "Service Errors": {
      "precision": 0.0,
      "recall": 0.0,
      "f1": 0.0,
      "support": 1
    },
    "Task Orchestration": {
      "precision": 0.5,
      "recall": 0.4,
      "f1": 0.4444444444444444,
      "support": 5
    },
    "Timeout Issues": {
      "precision": 0.0,
      "recall": 0.0,
      "f1": 0.0,
      "support": 1
    },
    "Tool Definition Issues": {
      "precision": 0.0,
      "recall": 0.0,
      "f1": 0.0,
      "support": 1
    },
    "Tool Output Misinterpretation": {
      "precision": 0.0,
      "recall": 0.0,
      "f1": 0.0,
      "support": 2
    },
    "Tool Selection Errors": {
      "precision": 0.2857142857142857,
      "recall": 0.6666666666666666,
      "f1": 0.4,
      "support": 3
    },
    "Tool-related": {
      "precision": 0.2857142857142857,
      "recall": 1.0,
      "f1": 0.4444444444444444,
      "support": 2
    }
  },
  "baseline_f1_weighted": 0.5202734107997266
}