{
  "split": "test",
  "n_traces": 13,
  "threshold": 0.1,
  "f1_weighted": 0.5287721369539551,
  "f1_macro": 0.3851788562314878,
  "f1_micro": 0.5606060606060606,
  "precision": 0.47325598643780464,
  "recall": 0.6727272727272727,
  "accuracy_subset": 0.0,
  "accuracy_hamming": 0.7651821862348178,
  "per_class": {
    "Authentication Errors": {
      "precision": 0.0,
      "recall": 0.0,
      "f1": 0.0,
      "support": 1
    },
    "Context Handling Failures": {
      "precision": 0.6666666666666666,
      "recall": 1.0,
      "f1": 0.8,
      "support": 2
    },
    "Environment Setup Errors": {
      "precision": 0.0,
      "recall": 0.0,
      "f1": 0.0,
      "support": 1
    },
    "Formatting Errors": {
      "precision": 0.5384615384615384,
      "recall": 1.0,
      "f1": 0.7,
      "support": 7
    },
    "Goal Deviation": {
      "precision": 0.625,
      "recall": 0.7142857142857143,
      "f1": 0.6666666666666666,
      "support": 7
    },
    "Incorrect Problem Identification": {
      "precision": 0.2,
      "recall": 0.3333333333333333,
      "f1": 0.25,
      "support": 3
    },
    "Instruction Non-compliance": {
      "precision": 0.2727272727272727,
      "recall": 1.0,
      "f1": 0.42857142857142855,
      "support": 3
    },
    "Language-only": {
      "precision": 0.6666666666666666,
      "recall": 1.0,
      "f1": 0.8,
      "support": 6
    },
    "Poor Information Retrieval": {
      "precision": 0.6666666666666666,
      "recall": 0.5,
      "f1": 0.5714285714285714,
      "support": 4
    },
    "Resource Abuse": {
      "precision": 1.0,
      "recall": 1.0,
      "f1": 1.0,
      "support": 3
    },
    "Resource Exhaustion": {
      "precision": 0.0,
      "recall": 0.0,
      "f1": 0.0,
      "support": 1
    },
    "Resource Not Found": {
      "precision": 0.0,
      "recall": 0.0,
      "f1": 0.0,
      "support": 2
    },
    "Service Errors": {
      "precision": 0.0,
      "recall": 0.0,
      "f1": 0.0,
      "support": 1
    },
    "Task Orchestration": {
      "precision": 0.3333333333333333,
      "recall": 0.4,
      "f1": 0.36363636363636365,
      "support": 5
    },
    "Timeout Issues": {
      "precision": 0.0,
      "recall": 0.0,
      "f1": 0.0,
      "support": 1
    },
    "Tool Definition Issues": {
      "precision": 0.0,
      "recall": 0.0,
      "f1": 0.0,
      "support": 1
    },
    "Tool Output Misinterpretation": {
      "precision": 1.0,
      "recall": 0.5,
      "f1": 0.6666666666666666,
      "support": 2
    },
    "Tool Selection Errors": {
      "precision": 0.3333333333333333,
      "recall": 1.0,
      "f1": 0.5,
      "support": 3
    },
    "Tool-related": {
      "precision": 0.4,
      "recall": 1.0,
      "f1": 0.5714285714285714,
      "support": 2
    }
  },
  "trace_predictions": {
    "0242ca2533fac5b8b604a9060b3e15d6": {
      "pred_indices": [
        3,
        4,
        6,
        7,
        13,
        17
      ],
      "true_indices": [
        3,
        4,
        7,
        8,
        17
      ],
      "trace_max": [
        0.00023716536816209555,
        0.03997959569096565,
        0.022790201008319855,
        0.10992595553398132,
        0.2377639263868332,
        0.022639747709035873,
        0.3987131416797638,
        0.280958354473114,
        0.00343859544955194,
        0.009547632187604904,
        0.0007067015394568443,
        0.0003151799028273672,
        0.00011273403652012348,
        0.17203596234321594,
        0.0007067015394568443,
        0.003641825169324875,
        0.02470126748085022,
        0.3838314116001129,
        0.08396179974079132
      ]
    },
    "21f0c6c8d76ac61f4388f36ddffe1c38": {
      "pred_indices": [
        1,
        3,
        8,
        9
      ],
      "true_indices": [
        0,
        1,
        8,
        9,
        13
      ],
      "trace_max": [
        0.027514025568962097,
        0.13553957641124725,
        0.019788924604654312,
        0.35069379210472107,
        0.0303200576454401,
        0.05097769573330879,
        0.058092642575502396,
        0.027192676439881325,
        0.22302331030368805,
        0.28081992268562317,
        0.007492681033909321,
        0.011560868471860886,
        0.01846770942211151,
        0.02795380912721157,
        0.007492681033909321,
        0.025981778278946877,
        0.057389240711927414,
        0.043113574385643005,
        0.09312666952610016
      ]
    },
    "2713fa0aa73f0c5a8b480f026c21a547": {
      "pred_indices": [
        3,
        4,
        5,
        6,
        7,
        13,
        17,
        18
      ],
      "true_indices": [
        4,
        6,
        7,
        13,
        17
      ],
      "trace_max": [
        0.0010984704131260514,
        0.08032874763011932,
        0.05110492184758186,
        0.1557268500328064,
        0.38442856073379517,
        0.10039801150560379,
        0.4870074689388275,
        0.4269160330295563,
        0.011032206006348133,
        0.04648052901029587,
        0.001499795587733388,
        0.0007530628354288638,
        0.00042268913239240646,
        0.3153967559337616,
        0.001499795587733388,
        0.015096857212483883,
        0.05608497932553291,
        0.5147950053215027,
        0.2762628197669983
      ]
    },
    "396b6aa1ab86eb2e20d27582eb5eebd9": {
      "pred_indices": [
        3
      ],
      "true_indices": [
        3,
        12
      ],
      "trace_max": [
        0.00013500101340468973,
        0.024616820737719536,
        0.0027774719055742025,
        0.1664288341999054,
        0.018836326897144318,
        0.0014719709288328886,
        0.05312721058726311,
        0.018575994297862053,
        0.015202942304313183,
        0.008447036147117615,
        0.00014836380432825536,
        0.0006704389816150069,
        0.0001278535055462271,
        0.011092782020568848,
        0.00014836380432825536,
        0.00039928712067194283,
        0.007660780567675829,
        0.03445940464735031,
        0.00753115676343441
      ]
    },
    "41bbc898aa7de0f31d2382ff57700a76": {
      "pred_indices": [
        3,
        4,
        5,
        6,
        7,
        13,
        17,
        18
      ],
      "true_indices": [
        2,
        4,
        6,
        7,
        11,
        17
      ],
      "trace_max": [
        0.005783444736152887,
        0.09515884518623352,
        0.05435062572360039,
        0.19318081438541412,
        0.20306922495365143,
        0.10894395411014557,
        0.26178380846977234,
        0.2169615924358368,
        0.03894371911883354,
        0.08797623217105865,
        0.003946323413401842,
        0.0036259107291698456,
        0.002662637969478965,
        0.17538784444332123,
        0.003946323413401842,
        0.026044653728604317,
        0.07017529010772705,
        0.25904279947280884,
        0.19133411347866058
      ]
    },
    "4a8d094e92433f1ba1da21f602c417d9": {
      "pred_indices": [
        3,
        4,
        5,
        6,
        7,
        13,
        17,
        18
      ],
      "true_indices": [
        4,
        13,
        18
      ],
      "trace_max": [
        0.0010056659812107682,
        0.07418562471866608,
        0.051261838525533676,
        0.1422896683216095,
        0.39757710695266724,
        0.10904659330844879,
        0.502109944820404,
        0.4490944445133209,
        0.008109490387141705,
        0.04283018037676811,
        0.0014282837510108948,
        0.0005292867426760495,
        0.00032707187347114086,
        0.33104029297828674,
        0.0014282837510108948,
        0.015137850306928158,
        0.05295608192682266,
        0.5307220816612244,
        0.28967899084091187
      ]
    },
    "512475a321c616e45337da3575f6a185": {
      "pred_indices": [
        1,
        2,
        3,
        4,
        5,
        6,
        7,
        13,
        16,
        17,
        18
      ],