{
  "model": "CRF_greedy_validated",
  "split": "test",
  "decoder": "greedy",
  "edge_set": "validated",
  "n_edges": 11,
  "lam": 0.3,
  "tau_init": 0.2,
  "threshold": 0.2,
  "topk": 2,
  "n_traces": 13,
  "f1_weighted": 0.5187393892657051,
  "f1_macro": 0.37941801196648844,
  "f1_micro": 0.48677248677248675,
  "precision": 0.39277076458894644,
  "recall": 0.8363636363636363,
  "accuracy_subset": 0.0,
  "accuracy_hamming": 0.6072874493927125,
  "location_accuracy": 1.0,
  "joint_accuracy": 0.732544378698225,
  "per_class": {
    "Authentication Errors": {
      "precision": 0.3333333333333333,
      "recall": 1.0,
      "f1": 0.5,
      "support": 1
    },
    "Context Handling Failures": {
      "precision": 0.15384615384615385,
      "recall": 1.0,
      "f1": 0.26666666666666666,
      "support": 2
    },
    "Environment Setup Errors": {
      "precision": 0.16666666666666666,
      "recall": 1.0,
      "f1": 0.2857142857142857,
      "support": 1
    },
    "Formatting Errors": {
      "precision": 0.5384615384615384,
      "recall": 1.0,
      "f1": 0.7,
      "support": 7
    },
    "Goal Deviation": {
      "precision": 0.5833333333333334,
      "recall": 1.0,
      "f1": 0.7368421052631579,
      "support": 7
    },
    "Incorrect Problem Identification": {
      "precision": 0.4,
      "recall": 0.6666666666666666,
      "f1": 0.5,
      "support": 3
    },
    "Instruction Non-compliance": {
      "precision": 0.25,
      "recall": 1.0,
      "f1": 0.4,
      "support": 3
    },
    "Language-only": {
      "precision": 0.6,
      "recall": 1.0,
      "f1": 0.75,
      "support": 6
    },
    "Poor Information Retrieval": {
      "precision": 0.5,
      "recall": 0.75,
      "f1": 0.6,
      "support": 4
    },
    "Resource Abuse": {
      "precision": 0.3333333333333333,
      "recall": 1.0,
      "f1": 0.5,
      "support": 3
    },
    "Resource Exhaustion": {
      "precision": 0.0,
      "recall": 0.0,
      "f1": 0.0,
      "support": 1
    },
    "Resource Not Found": {
      "precision": 0.3333333333333333,
      "recall": 0.5,
      "f1": 0.4,
      "support": 2
    },
    "Service Errors": {
      "precision": 0.0,
      "recall": 0.0,
      "f1": 0.0,
      "support": 1
    },
    "Task Orchestration": {
      "precision": 0.4444444444444444,
      "recall": 0.8,
      "f1": 0.5714285714285714,
      "support": 5
    },
    "Timeout Issues": {
      "precision": 0.0,
      "recall": 0.0,
      "f1": 0.0,
      "support": 1
    },
    "Tool Definition Issues": {
      "precision": 0.0,
      "recall": 0.0,
      "f1": 0.0,
      "support": 1
    },
    "Tool Output Misinterpretation": {
      "precision": 0.09090909090909091,
      "recall": 0.5,
      "f1": 0.15384615384615385,
      "support": 2
    },
    "Tool Selection Errors": {
      "precision": 0.25,
      "recall": 1.0,
      "f1": 0.4,
      "support": 3
    },
    "Tool-related": {
      "precision": 0.2857142857142857,
      "recall": 1.0,
      "f1": 0.4444444444444444,
      "support": 2
    }
  },
  "baseline_f1_weighted": 0.5202734107997266,
  "delta_f1_weighted": -0.0015340215340214902
}